City_ID,City,Country,Date,Lat,Lng,Max Temp,Humidity,Cloudiness,Wind Speed
0,Faanui,PF,2022-10-15 16:14:31,-16.4833,-151.75,78.49,76,16,12.88
1,Bathsheba,BB,2022-10-15 16:14:31,13.2167,-59.5167,88.41,70,40,11.5
2,Hithadhoo,MV,2022-10-15 16:14:32,-0.6,73.0833,81.99,71,91,14.63
3,Vaini,TO,2022-10-15 16:14:32,-21.2,-175.2,75.42,64,21,5.1
4,Mataura,NZ,2022-10-15 16:14:32,-46.1927,168.8643,47.41,86,99,1.01
5,Kodiak,US,2022-10-15 16:14:33,57.79,-152.4072,49.51,93,100,3.44
6,Vardo,NO,2022-10-15 16:14:33,70.3705,31.1107,39.18,93,100,9.22
7,Pochutla,MX,2022-10-15 16:14:33,15.7432,-96.4661,87.62,71,28,2.77
8,Porto Belo,BR,2022-10-15 16:14:34,-27.1578,-48.5531,69.75,89,100,10.47
9,Rikitea,PF,2022-10-15 16:14:34,-23.1203,-134.9692,73.18,81,20,15.97
10,Nikolskoye,RU,2022-10-15 16:14:34,59.7035,30.7861,53.49,80,100,8.19
11,Kapaa,US,2022-10-15 16:14:35,22.0752,-159.319,73.38,83,40,8.05
12,Norman Wells,CA,2022-10-15 16:14:35,65.282,-126.8329,-0.36,78,20,3.44
13,Saint-Philippe,RE,2022-10-15 16:14:35,-21.3585,55.7679,71.19,79,35,11.03
14,Tiksi,RU,2022-10-15 16:14:36,71.6872,128.8694,21.07,84,100,22.75
15,Bambous Virieux,MU,2022-10-15 16:14:36,-20.3428,57.7575,71.85,68,40,6.91
16,Hobart,AU,2022-10-15 16:14:37,-42.8794,147.3294,48.06,78,100,5.75
17,Karratha,AU,2022-10-15 16:14:37,-20.7377,116.8463,73.76,49,10,9.75
18,Havelock,US,2022-10-15 16:14:37,34.8791,-76.9013,75.97,51,0,3.0
19,Grindavik,IS,2022-10-15 16:14:38,63.8424,-22.4338,40.95,75,75,24.16
20,Atuona,PF,2022-10-15 16:14:38,-9.8,-139.0333,76.42,72,12,15.66
21,Cravo Norte,CO,2022-10-15 16:14:38,6.3017,-70.2041,86.74,63,75,8.61
22,Puerto Ayora,EC,2022-10-15 16:14:39,-0.7393,-90.3518,75.16,90,80,10.0
23,Busselton,AU,2022-10-15 16:14:39,-33.65,115.3333,48.99,84,93,8.43
24,Evensk,RU,2022-10-15 16:14:39,61.95,159.2333,19.38,72,93,8.84
25,Torbay,CA,2022-10-15 16:14:40,47.6666,-52.7314,62.89,82,75,6.91
26,Arraial Do Cabo,BR,2022-10-15 16:14:40,-22.9661,-42.0278,80.46,47,0,23.02
27,Blythe,US,2022-10-15 16:14:41,33.6103,-114.5964,78.03,47,0,10.18
28,Mackay,AU,2022-10-15 16:14:41,-21.15,149.2,71.69,80,7,3.62
29,Cape Town,ZA,2022-10-15 16:12:53,-33.9258,18.4232,69.39,74,100,11.01
30,Thompson,CA,2022-10-15 16:14:41,55.7435,-97.8558,33.96,100,100,11.5
31,Albany,US,2022-10-15 16:11:54,42.6001,-73.9662,64.94,66,56,3.0
32,Mount Gambier,AU,2022-10-15 16:14:42,-37.8333,140.7667,44.1,97,55,2.53
33,Rudbar,AF,2022-10-15 16:14:42,30.15,62.6,77.14,12,0,1.61
34,Hermanus,ZA,2022-10-15 16:14:43,-34.4187,19.2345,60.8,85,100,21.92
35,Ushuaia,AR,2022-10-15 16:14:43,-54.8,-68.3,49.62,49,0,27.63
36,Pevek,RU,2022-10-15 16:14:43,69.7008,170.3133,15.53,94,100,6.55
37,Belaya Gora,RU,2022-10-15 16:12:18,68.5333,146.4167,7.05,90,29,6.33
38,Samarai,PG,2022-10-15 16:14:44,-10.6167,150.6667,80.47,85,57,11.5
39,Pradopolis,BR,2022-10-15 16:14:44,-21.3594,-48.0656,89.78,25,50,6.51
40,Georgetown,MY,2022-10-15 16:11:37,5.4112,100.3354,77.23,92,40,0.0
41,Terrace Bay,CA,2022-10-15 16:14:45,48.7834,-87.1,42.33,66,100,5.46
42,Hofn,IS,2022-10-15 16:14:45,64.2539,-15.2082,43.54,66,100,18.95
43,Sao Filipe,CV,2022-10-15 16:14:45,14.8961,-24.4956,77.74,76,22,7.9
44,Yellowknife,CA,2022-10-15 16:14:46,62.456,-114.3525,28.56,63,75,9.22
45,Broken Hill,AU,2022-10-15 16:11:46,-31.95,141.4333,60.12,52,35,7.05
46,Saint Anthony,US,2022-10-15 16:14:46,45.0205,-93.218,48.65,62,0,13.8
47,Bluff,NZ,2022-10-15 16:14:46,-46.6,168.3333,51.89,86,99,7.18
48,New Norfolk,AU,2022-10-15 16:15:47,-42.7826,147.0587,45.9,93,4,2.53
49,Tuatapere,NZ,2022-10-15 16:15:47,-46.1333,167.6833,49.48,92,99,4.94
50,Canar,EC,2022-10-15 16:15:47,-2.55,-78.9333,46.44,65,97,1.3
51,Clarence Town,AU,2022-10-15 16:15:48,-32.5833,151.7833,59.86,95,1,2.01
52,Constitucion,CL,2022-10-15 16:15:48,-35.3333,-72.4167,65.1,49,19,9.57
53,Harrisburg,US,2022-10-15 16:15:31,40.2737,-76.8844,69.51,60,0,9.22
54,Namibe,AO,2022-10-15 16:15:49,-15.1961,12.1522,69.71,80,81,10.47
55,Comodoro Rivadavia,AR,2022-10-15 16:15:49,-45.8667,-67.5,67.86,32,20,12.66
56,Punta Arenas,CL,2022-10-15 16:15:49,-53.15,-70.9167,51.91,37,0,18.41
57,Olinda,BR,2022-10-15 16:12:26,-8.0089,-34.8553,80.33,74,75,6.91
58,Salaberry-De-Valleyfield,CA,2022-10-15 16:11:49,45.2501,-74.1325,59.18,78,41,11.7
59,Ostrovnoy,RU,2022-10-15 16:15:50,68.0531,39.5131,41.81,90,9,7.36
60,Port Elizabeth,ZA,2022-10-15 16:15:51,-33.918,25.5701,64.09,81,100,14.0
61,Harper,LR,2022-10-15 16:15:51,4.375,-7.7169,80.91,71,60,11.14
62,Saint George,US,2022-10-15 16:11:02,37.1041,-113.5841,63.19,25,0,0.0
63,Upernavik,GL,2022-10-15 16:15:52,72.7868,-56.1549,23.74,70,78,7.96
64,Rio Gallegos,AR,2022-10-15 16:15:00,-51.6226,-69.2181,57.25,21,0,14.97
65,Hilo,US,2022-10-15 16:15:52,19.7297,-155.09,80.28,100,100,8.05
66,Butaritari,KI,2022-10-15 16:15:18,3.0707,172.7902,80.87,74,64,19.66
67,Xining,CN,2022-10-15 16:15:53,36.6167,101.7667,41.58,51,53,1.01
68,Marawi,PH,2022-10-15 16:15:53,7.9986,124.2928,70.92,92,100,3.51
69,Jiuquan,CN,2022-10-15 16:15:53,39.7432,98.5174,49.46,25,0,6.4
70,Matara,LK,2022-10-15 16:15:54,5.9485,80.5353,76.66,92,84,5.75
71,Mopti,ML,2022-10-15 16:13:13,14.6667,-4.0,99.86,19,44,12.19
72,Chokurdakh,RU,2022-10-15 16:15:54,70.6333,147.9167,10.63,96,95,7.83
73,Keizer,US,2022-10-15 16:15:55,44.9901,-123.0262,68.18,57,0,3.0
74,Madingou,CG,2022-10-15 16:15:55,-4.1536,13.55,79.72,77,97,7.34
75,Calvinia,ZA,2022-10-15 16:15:56,-31.4707,19.776,78.58,21,100,10.87
76,Carutapera,BR,2022-10-15 16:15:56,-1.195,-46.02,88.48,54,90,10.71
77,Longyearbyen,SJ,2022-10-15 16:15:56,78.2186,15.6401,19.24,73,0,11.5
78,Zelenets,RU,2022-10-15 16:15:56,61.8849,50.7489,43.05,87,98,3.85
79,Haines Junction,CA,2022-10-15 16:15:57,60.7522,-137.5108,26.55,93,100,1.14
80,Maceio,BR,2022-10-15 16:12:12,-9.6658,-35.7353,76.44,88,75,11.5
81,Chuy,UY,2022-10-15 16:15:57,-33.6971,-53.4616,62.83,58,96,14.99
82,Timbiqui,CO,2022-10-15 16:15:58,2.7717,-77.6654,79.74,79,99,4.16
83,Martinsville,US,2022-10-15 16:15:58,36.6915,-79.8725,72.07,42,0,9.22
84,Nanortalik,GL,2022-10-15 16:15:58,60.1432,-45.2371,39.74,80,0,4.61
85,Kiruna,SE,2022-10-15 16:15:59,67.8557,20.2251,34.72,100,100,3.44
86,Pitimbu,BR,2022-10-15 16:15:59,-7.4706,-34.8086,84.79,68,79,17.29
87,Castro,BR,2022-10-15 16:16:00,-24.7911,-50.0119,59.95,94,100,10.33
88,Ponta Do Sol,PT,2022-10-15 16:16:00,32.6667,-17.1,77.0,73,57,2.42
89,Beringovskiy,RU,2022-10-15 16:12:18,63.05,179.3167,32.09,77,100,10.8
90,Padilla,CO,2022-10-15 16:16:00,3.2204,-76.3139,76.57,69,56,3.8
91,Lerwick,GB,2022-10-15 16:16:01,60.1545,-1.1494,48.2,90,96,22.62
92,Tilichiki,RU,2022-10-15 16:11:49,60.4667,166.1,31.21,97,100,6.02
93,Veraval,IN,2022-10-15 16:16:02,20.9,70.3667,81.54,61,9,3.76
94,Qaqortoq,GL,2022-10-15 16:16:02,60.7167,-46.0333,40.37,73,6,6.96
95,Mbanza-Ngungu,CD,2022-10-15 16:16:02,-5.25,14.8667,77.04,68,98,8.01
96,Bacungan,PH,2022-10-15 16:17:03,9.9106,118.7022,80.78,82,97,7.92
97,Lorengau,PG,2022-10-15 16:17:03,-2.0226,147.2712,81.64,79,36,7.25
98,Heerenveen,NL,2022-10-15 16:17:04,52.95,5.9333,59.09,94,100,12.73
99,Dikson,RU,2022-10-15 16:17:04,73.5069,80.5464,32.16,75,93,15.79
100,Aklavik,CA,2022-10-15 16:17:04,68.2191,-135.0107,21.2,73,20,6.91
101,Cumpas,MX,2022-10-15 16:17:05,29.9833,-109.7833,75.22,64,86,9.84
102,West Plains,US,2022-10-15 16:17:05,36.7281,-91.8524,63.21,55,0,6.91
103,Leningradskiy,RU,2022-10-15 16:17:05,69.3833,178.4167,8.74,90,34,5.03
104,Kaputa,ZM,2022-10-15 16:17:06,-8.4689,29.6619,83.21,32,32,0.98
105,Vanimo,PG,2022-10-15 16:17:06,-2.6741,141.3028,77.94,89,83,5.1
106,Conceicao Do Araguaia,BR,2022-10-15 16:17:06,-8.2578,-49.2647,87.51,50,75,12.3
107,Alice Springs,AU,2022-10-15 16:17:07,-23.7,133.8833,60.35,88,40,12.66
108,Nieuw Amsterdam,SR,2022-10-15 16:17:07,5.8833,-55.0833,91.56,58,40,10.2
109,Wakkanai,JP,2022-10-15 16:17:08,45.4094,141.6739,56.77,83,9,4.21
110,Jammalamadugu,IN,2022-10-15 16:17:08,14.8333,78.4,76.91,88,100,6.69
111,Baker City,US,2022-10-15 16:12:57,44.7749,-117.8344,62.64,65,0,0.0
112,Half Moon Bay,US,2022-10-15 16:17:09,37.4636,-122.4286,59.79,89,100,6.91
113,Candoni,PH,2022-10-15 16:17:09,9.817,122.6043,76.19,90,65,3.6
114,Omsukchan,RU,2022-10-15 16:17:10,62.5333,155.8,-6.11,100,82,4.45
115,Ribeira Grande,PT,2022-10-15 16:17:10,38.5167,-28.7,72.0,68,40,12.66
116,Ixtapa,MX,2022-10-15 16:17:10,20.7,-105.2,85.23,74,20,3.44
117,Buerarema,BR,2022-10-15 16:17:11,-14.9594,-39.2997,81.19,43,77,7.65
118,Saint-Georges,GD,2022-10-15 16:17:11,12.0564,-61.7485,85.68,79,40,17.27
119,Muroto,JP,2022-10-15 16:17:11,33.2833,134.15,71.98,71,2,5.88
120,Jurado,CO,2022-10-15 16:17:12,7.1053,-77.7641,81.01,79,64,5.46
121,Kushmurun,KZ,2022-10-15 16:17:12,52.4503,64.6311,50.67,53,76,7.0
122,Dukat,RU,2022-10-15 16:17:12,62.55,155.55,-6.0,100,93,4.18
123,Cap Malheureux,MU,2022-10-15 16:17:13,-19.9842,57.6142,70.47,67,17,1.99
124,Margate,GB,2022-10-15 16:17:13,51.3813,1.3862,60.87,74,100,5.99
125,Bayangol,RU,2022-10-15 16:17:14,50.6977,103.4656,22.37,82,68,2.1
126,Savinka,RU,2022-10-15 16:17:14,50.0785,47.0994,44.53,59,13,7.23
127,Komsomolskiy,UZ,2022-10-15 16:17:14,40.4272,71.7189,61.52,36,10,4.61
128,Baruun-Urt,MN,2022-10-15 16:17:15,46.6806,113.2792,26.83,43,1,10.47
129,Airai,TL,2022-10-15 16:17:15,-8.9266,125.4092,61.93,82,46,2.55
130,Cayenne,GF,2022-10-15 16:17:15,4.9333,-52.3333,89.64,62,20,10.36
131,Port Alfred,ZA,2022-10-15 16:17:16,-33.5906,26.891,63.18,92,100,4.0
132,La Macarena,CO,2022-10-15 16:17:16,2.1837,-73.7849,86.92,61,23,3.87
133,Menongue,AO,2022-10-15 16:17:16,-14.6585,17.691,85.39,24,92,12.17
134,Merrill,US,2022-10-15 16:17:17,45.1805,-89.6835,35.55,98,100,4.61
135,Te Anau,NZ,2022-10-15 16:17:17,-45.4167,167.7167,48.43,96,100,2.42
136,Hasaki,JP,2022-10-15 16:17:17,35.7333,140.8333,61.29,72,86,11.5
137,Saldanha,ZA,2022-10-15 16:17:18,-33.0117,17.9442,63.07,79,100,14.63
138,Benjamin Constant,BR,2022-10-15 16:17:18,-4.3831,-70.0311,86.13,69,40,9.22
139,Corvallis,US,2022-10-15 16:17:18,44.5646,-123.262,63.45,72,37,3.89
140,Berdigestyakh,RU,2022-10-15 16:17:19,62.0989,126.6992,22.77,97,100,4.25
141,Sulangan,PH,2022-10-15 16:18:19,11.1373,123.7228,84.47,73,60,12.57
142,Bima,ID,2022-10-15 16:18:19,-8.4667,118.7167,78.04,88,58,3.71
143,Yulara,AU,2022-10-15 16:18:20,-25.2406,130.9889,71.62,47,50,12.55
144,Floro,NO,2022-10-15 16:18:20,61.5996,5.0328,49.96,57,0,19.57
145,Bredasdorp,ZA,2022-10-15 16:18:20,-34.5322,20.0403,59.47,88,100,20.15
146,Havoysund,NO,2022-10-15 16:18:21,70.9963,24.6622,41.23,85,17,14.38
147,Sokoto,NG,2022-10-15 16:18:21,13.0609,5.239,94.69,24,100,3.06
148,Faya,SA,2022-10-15 16:18:22,18.3851,42.4509,68.11,53,0,5.91
149,Omboue,GA,2022-10-15 16:18:22,-1.5746,9.2618,76.03,86,100,5.01
150,Severo-Kurilsk,RU,2022-10-15 16:18:23,50.6789,156.125,43.41,82,100,13.96
151,Fortuna,US,2022-10-15 16:18:23,40.5982,-124.1573,52.14,55,0,1.66
152,Danielskuil,ZA,2022-10-15 16:18:24,-28.1887,23.5395,81.55,19,98,15.52
153,Jamestown,US,2022-10-15 16:17:00,42.097,-79.2353,55.18,48,100,19.57
154,Bethel,US,2022-10-15 16:18:24,41.3712,-73.414,67.62,56,0,8.05
155,Kizukuri,JP,2022-10-15 16:18:24,40.8061,140.3861,52.95,96,13,2.37
156,Kerchevskiy,RU,2022-10-15 16:18:25,59.946,56.2884,42.51,89,100,5.53
157,Coquimbo,CL,2022-10-15 16:18:06,-29.9533,-71.3436,56.93,88,100,9.22
158,Muros,ES,2022-10-15 16:18:25,42.7762,-9.0603,65.08,92,98,13.22
159,Abu Kamal,SY,2022-10-15 16:18:25,34.4506,40.9171,83.59,24,73,5.46
160,Ambulu,ID,2022-10-15 16:18:26,-8.345,113.6058,76.53,90,81,2.73
161,Tazovskiy,RU,2022-10-15 16:18:26,67.4667,78.7,34.14,85,99,9.78
162,Torit,SS,2022-10-15 16:18:26,4.4133,32.5678,80.44,64,93,3.06
163,Dire Dawa,ET,2022-10-15 16:18:27,9.5931,41.8661,76.59,31,50,11.12
164,Shrewsbury,GB,2022-10-15 16:18:27,52.7101,-2.7521,57.34,69,20,18.41
165,Katsuura,JP,2022-10-15 16:18:27,35.1333,140.3,69.37,82,7,10.22
166,Cockburn Town,TC,2022-10-15 16:17:16,21.4612,-71.1419,84.16,70,40,11.5
167,Kayerkan,RU,2022-10-15 16:18:28,69.3497,87.7602,32.52,100,100,20.11
168,Skibbereen,IE,2022-10-15 16:18:28,51.55,-9.2667,53.01,79,74,28.61
169,Shunyi,CN,2022-10-15 16:18:28,40.125,116.6453,66.15,34,0,11.18
170,Ilulissat,GL,2022-10-15 16:18:29,69.2167,-51.1,28.42,46,40,13.8
171,Sanson,NZ,2022-10-15 16:18:29,-40.2167,175.4167,46.22,95,100,2.71
172,Tasiilaq,GL,2022-10-15 16:18:29,65.6145,-37.6368,35.76,66,0,3.94
173,Vestmannaeyjar,IS,2022-10-15 16:18:29,63.4427,-20.2734,45.59,57,0,20.71
174,Pisco,PE,2022-10-15 16:18:30,-13.7,-76.2167,65.01,72,3,9.22
175,Malpe,IN,2022-10-15 16:18:30,13.35,74.7167,81.7,90,100,2.08
176,Narsaq,GL,2022-10-15 16:18:30,60.9167,-46.05,37.62,74,9,7.29
177,San Buenaventura,MX,2022-10-15 16:18:31,27.0833,-101.5333,83.48,57,0,2.64
178,Sitka,US,2022-10-15 16:13:56,57.0531,-135.33,58.89,82,100,13.8
179,Diffa,NE,2022-10-15 16:18:31,13.3154,12.6113,93.31,11,79,12.71
180,San Andres,CO,2022-10-15 16:18:31,12.5847,-81.7006,87.82,70,20,5.75
181,Kinel,RU,2022-10-15 16:18:32,53.2333,50.65,43.84,74,70,6.58
182,Lagoa,PT,2022-10-15 16:18:32,39.05,-27.9833,67.1,62,100,20.96
183,Kysyl-Syr,RU,2022-10-15 16:18:32,63.8986,122.7617,24.17,94,100,3.49
184,Alfredo Chaves,BR,2022-10-15 16:18:33,-20.635,-40.7497,80.04,62,92,6.33
185,Pulivendla,IN,2022-10-15 16:18:33,14.4167,78.2333,76.3,88,100,6.35
186,Sur,OM,2022-10-15 16:18:33,22.5667,59.5289,81.48,41,1,5.01
187,Mar Del Plata,AR,2022-10-15 16:18:51,-38.0023,-57.5575,59.95,78,75,20.0
188,Iqaluit,CA,2022-10-15 16:19:34,63.7506,-68.5145,33.53,100,100,17.27
189,Vondrozo,MG,2022-10-15 16:19:34,-22.8167,47.2833,64.31,74,32,5.41
190,Xinzhou,CN,2022-10-15 16:19:35,38.4092,112.7333,57.13,33,96,1.23
191,Rawson,AR,2022-10-15 16:19:35,-43.3002,-65.1023,71.06,25,98,10.31
192,Mabai,CN,2022-10-15 16:19:35,23.0128,104.4508,53.01,90,27,5.46
193,Geraldton,AU,2022-10-15 16:19:35,-28.7667,114.6,52.21,82,0,8.05
194,Cidreira,BR,2022-10-15 16:19:36,-30.1811,-50.2056,63.95,77,100,16.82
195,Uyemskiy,RU,2022-10-15 16:19:36,64.4743,40.8524,46.45,100,40,4.47
196,Lebu,CL,2022-10-15 16:19:37,-37.6167,-73.65,57.0,66,94,18.63
197,Biak,ID,2022-10-15 16:19:37,-0.9131,122.8766,76.93,84,59,4.09
198,Clyde River,CA,2022-10-15 16:19:37,70.4692,-68.5914,34.03,93,75,6.91
199,Guerrero Negro,MX,2022-10-15 16:19:38,27.9769,-114.0611,68.07,61,96,3.62
200,Getulio Vargas,UY,2022-10-15 16:19:38,-32.6796,-53.5494,61.97,67,92,14.58
201,Chapais,CA,2022-10-15 16:19:38,49.7834,-74.8492,49.78,51,18,6.53
202,Pasni,PK,2022-10-15 16:19:39,25.2631,63.471,80.53,68,0,10.04
203,Kahului,US,2022-10-15 16:19:39,20.8947,-156.47,77.02,82,40,4.61
204,Sao Felix Do Xingu,BR,2022-10-15 16:19:39,-6.6447,-51.995,98.38,34,53,2.75
205,Beloha,MG,2022-10-15 16:19:40,-25.1667,45.05,72.09,75,0,6.76
206,Saskylakh,RU,2022-10-15 16:19:40,71.9167,114.0833,30.45,92,90,13.38
207,Ucluelet,CA,2022-10-15 16:19:40,48.9329,-125.5528,52.11,68,35,2.73
208,Cherskiy,RU,2022-10-15 16:19:41,68.75,161.3,9.34,96,99,7.58
209,Hingoli,IN,2022-10-15 16:19:41,19.7167,77.15,72.21,87,15,6.82
210,Kadaya,RU,2022-10-15 16:19:41,50.9327,119.2911,30.58,72,99,15.7
211,Avarua,CK,2022-10-15 16:15:18,-21.2078,-159.775,73.45,83,75,4.61
212,Guilin,CN,2022-10-15 16:19:42,25.2819,110.2864,60.91,36,10,6.73
213,Burnie,AU,2022-10-15 16:19:42,-41.0667,145.9167,44.94,70,11,8.59
214,Kaitangata,NZ,2022-10-15 16:19:42,-46.2817,169.8464,47.3,87,100,3.87
215,Japura,ID,2022-10-15 16:19:43,-0.3167,102.35,74.53,98,100,2.93
216,Ilo,PE,2022-10-15 16:19:43,-17.6394,-71.3375,63.46,72,0,12.66
217,Carnarvon,AU,2022-10-15 16:19:44,-24.8667,113.6333,65.77,73,0,16.37
218,Hobyo,SO,2022-10-15 16:19:44,5.3505,48.5268,78.98,80,9,16.58
219,Olafsvik,IS,2022-10-15 16:19:44,64.8945,-23.7142,38.64,72,62,33.64
220,Kaeo,NZ,2022-10-15 16:19:44,-35.1,173.7833,47.32,94,4,4.65
221,Sobolevo,RU,2022-10-15 16:19:45,54.4299,31.8996,42.33,80,37,8.14
222,Barrow,US,2022-10-15 16:19:45,71.2906,-156.7887,6.82,85,0,10.36
223,Klaksvik,FO,2022-10-15 16:19:46,62.2266,-6.589,43.72,80,98,15.86
224,Erenhot,CN,2022-10-15 16:19:46,43.6475,111.9767,35.15,22,0,6.58
225,Inhambane,MZ,2022-10-15 16:19:47,-23.865,35.3833,76.98,73,20,11.5
226,Barcelona,ES,2022-10-15 16:16:00,41.3888,2.159,80.19,81,40,8.05
227,Basoko,CD,2022-10-15 16:19:47,1.2391,23.616,79.84,76,32,4.59
228,Monrovia,LR,2022-10-15 16:15:11,6.3005,-10.7969,74.97,77,63,11.23
229,Nome,US,2022-10-15 16:19:47,64.5011,-165.4064,30.27,47,0,18.41
230,Vaitape,PF,2022-10-15 16:19:48,-16.5167,-151.75,78.49,77,16,12.91
231,Petauke,ZM,2022-10-15 16:19:48,-14.2426,31.3253,82.17,16,4,3.85
232,Egvekinot,RU,2022-10-15 16:20:48,66.3167,-179.1667,12.45,79,61,7.9
233,Takaungu,KE,2022-10-15 16:20:49,-3.6837,39.8566,75.34,83,66,11.88
234,Winnemucca,US,2022-10-15 16:20:49,40.973,-117.7357,48.25,27,0,0.0
235,Bose,IT,2022-10-15 16:20:50,45.4612,8.0137,68.23,70,70,2.57
236,Meulaboh,ID,2022-10-15 16:20:50,4.1363,96.1285,75.74,89,100,3.94
237,Usevya,TZ,2022-10-15 16:18:09,-7.1,31.2333,83.66,23,100,3.74
238,East London,ZA,2022-10-15 16:20:50,-33.0153,27.9116,63.54,94,75,11.5
239,Marsabit,KE,2022-10-15 16:20:51,2.3284,37.9899,72.91,47,89,15.01
240,Krasnoslobodsk,RU,2022-10-15 16:20:51,48.7072,44.5714,44.42,70,0,8.95
241,Kavaratti,IN,2022-10-15 16:20:52,10.5669,72.642,82.26,69,99,2.04
242,Zaraza,VE,2022-10-15 16:20:52,9.3503,-65.3245,89.65,53,33,5.17
243,Tongchuan,CN,2022-10-15 16:20:52,35.0806,109.0897,58.8,37,69,6.85
244,Vao,NC,2022-10-15 16:20:53,-22.6667,167.4833,67.87,63,3,9.28
245,Shenjiamen,CN,2022-10-15 16:20:53,29.9576,122.298,69.57,80,99,12.21
246,Kodinar,IN,2022-10-15 16:20:54,20.7903,70.7031,79.02,54,20,7.09
247,Tura,IN,2022-10-15 16:20:54,25.5198,90.2201,67.96,76,1,3.91
248,Paithan,IN,2022-10-15 16:20:54,19.4833,75.3833,72.46,70,12,7.94
249,Kavieng,PG,2022-10-15 16:20:55,-2.5744,150.7967,82.24,77,43,11.65
250,Lichinga,MZ,2022-10-15 16:20:55,-13.3128,35.2406,75.29,35,20,10.36
251,Cabo San Lucas,MX,2022-10-15 16:20:56,22.8909,-109.9124,80.51,64,34,5.99
252,Lata,PT,2022-10-15 16:20:56,40.1629,-8.3327,70.07,57,94,8.5
253,Oranjestad,AW,2022-10-15 16:20:56,12.524,-70.027,87.75,66,40,19.57
254,Ubinskoye,RU,2022-10-15 16:20:57,55.3068,79.6802,39.49,57,92,5.32
255,Praia,CV,2022-10-15 16:20:57,14.9215,-23.5087,82.94,61,40,16.11
256,Tomohon,ID,2022-10-15 16:20:57,1.3346,124.8392,67.14,90,95,1.34
257,Soe,ID,2022-10-15 16:20:58,-9.8607,124.284,69.06,88,25,3.89
258,Lebanon,US,2022-10-15 16:19:42,36.2081,-86.2911,74.48,46,0,6.91
259,Buraydah,SA,2022-10-15 16:20:58,26.326,43.975,84.65,13,0,8.68
260,Mehamn,NO,2022-10-15 16:20:59,71.0357,27.8492,37.35,81,13,2.3
261,Jawhar,SO,2022-10-15 16:20:59,2.7809,45.5005,77.77,74,96,14.18
262,Kloulklubed,PW,2022-10-15 16:20:59,7.0419,134.2556,79.3,78,100,13.53
263,Verkhovye,RU,2022-10-15 16:21:00,52.8119,37.2425,42.76,67,82,3.58
264,Port Hardy,CA,2022-10-15 16:21:00,50.6996,-127.4199,48.38,100,100,0.0
265,San Cristobal,VE,2022-10-15 16:21:01,7.7669,-72.225,82.58,52,97,6.04
266,Pacific Grove,US,2022-10-15 16:21:01,36.6177,-121.9166,57.02,91,100,5.99
267,Shirokiy,RU,2022-10-15 16:21:01,49.758,129.523,37.87,43,31,8.03
268,Eyl,SO,2022-10-15 16:21:02,7.9803,49.8164,79.23,77,4,15.77
269,Brae,GB,2022-10-15 16:21:02,60.3964,-1.353,47.86,90,99,24.38
270,Gibsons,CA,2022-10-15 16:21:02,49.3997,-123.5027,62.55,59,23,6.35
271,Codrington,AU,2022-10-15 16:22:03,-38.2667,141.9667,44.6,95,29,5.41
272,Dolores,AR,2022-10-15 16:22:03,-36.3132,-57.6792,63.81,43,99,9.78
273,Provideniya,RU,2022-10-15 16:22:03,64.3833,-173.3,25.93,81,62,11.7
274,Sioux Lookout,CA,2022-10-15 16:22:04,50.1001,-91.917,35.67,93,100,4.61
275,Istok,XK,2022-10-15 16:19:08,42.7808,20.4875,55.44,68,1,1.74
276,Sao Joao Da Barra,BR,2022-10-15 16:22:04,-21.6403,-41.0511,84.29,65,40,11.05
277,Fairbanks,US,2022-10-15 16:20:03,64.8378,-147.7164,28.92,72,75,3.44
278,San Rafael,AR,2022-10-15 16:22:05,-34.6177,-68.3301,65.5,18,0,6.26
279,Angoche,MZ,2022-10-15 16:22:05,-16.2325,39.9086,76.53,74,0,15.37
280,Victoria,HK,2022-10-15 16:18:34,22.2855,114.1577,83.32,50,100,5.01
281,San Patricio,US,2022-10-15 16:22:05,28.017,-97.5169,88.07,53,37,11.23
282,Port-Gentil,GA,2022-10-15 16:22:06,-0.7193,8.7815,80.56,78,75,5.75
283,Korem,ET,2022-10-15 16:22:06,12.5058,39.5228,58.39,55,60,6.58
284,Francistown,BW,2022-10-15 16:22:07,-21.17,27.5079,88.47,17,71,20.0
285,Ciudad Bolivar,VE,2022-10-15 16:22:07,8.1222,-63.5497,90.81,49,28,9.6
286,Itupiranga,BR,2022-10-15 16:21:09,-5.1347,-49.3267,91.72,63,54,2.53
287,Jaleswar,NP,2022-10-15 16:22:07,26.6471,85.8008,72.88,72,0,4.72
288,Neyshabur,IR,2022-10-15 16:22:08,36.2133,58.7958,72.45,14,0,3.22
289,Charters Towers,AU,2022-10-15 16:22:08,-20.1,146.2667,69.73,84,54,7.31
290,Flinders,AU,2022-10-15 16:22:08,-34.5833,150.8552,57.18,76,71,3.0
291,Praia Da Vitoria,PT,2022-10-15 16:22:09,38.7333,-27.0667,71.85,64,40,13.29
292,General Roca,AR,2022-10-15 16:22:09,-39.0333,-67.5833,71.89,14,4,14.92
293,Port Blair,IN,2022-10-15 16:22:09,11.6667,92.75,81.03,78,11,2.33
294,Nishihara,JP,2022-10-15 16:22:10,26.1842,127.7558,81.68,78,75,16.11
295,Axim,GH,2022-10-15 16:22:10,4.8699,-2.2405,80.85,73,59,11.12
296,Khatanga,RU,2022-10-15 16:22:11,71.9667,102.5,33.22,98,100,17.69
297,Ancud,CL,2022-10-15 16:22:11,-41.8697,-73.8203,54.66,63,45,5.59
298,Victor Harbor,AU,2022-10-15 16:22:11,-35.5667,138.6167,50.68,91,27,3.13
299,Poddorye,RU,2022-10-15 16:22:12,57.4695,31.1156,47.25,83,17,7.52
300,Lazaro Cardenas,MX,2022-10-15 16:22:12,17.9583,-102.2,82.8,78,11,1.43
301,Ngaoundere,CM,2022-10-15 16:22:12,7.3167,13.5833,70.36,87,81,4.88
302,Buchanan,LR,2022-10-15 16:22:13,5.8808,-10.0467,79.86,78,94,11.43
303,Mendi,PG,2022-10-15 16:22:13,-6.1761,143.6513,53.37,97,85,3.8
304,Cascais,PT,2022-10-15 16:22:13,38.6979,-9.4215,72.52,71,20,10.36
305,Vestmanna,FO,2022-10-15 16:22:14,62.1564,-7.1664,41.92,75,40,12.66
306,Mahebourg,MU,2022-10-15 16:22:14,-20.4081,57.7,71.89,68,40,6.91
307,High Level,CA,2022-10-15 16:22:14,58.5169,-117.136,28.51,80,100,9.22
308,Bengkulu,ID,2022-10-15 16:22:15,-3.8004,102.2655,76.14,89,100,4.05
309,Kathmandu,NP,2022-10-15 16:22:13,27.7167,85.3167,66.42,88,40,5.75
310,Tekeli,KZ,2022-10-15 16:22:15,44.83,78.8239,53.83,38,42,6.96
311,Alcudia,ES,2022-10-15 16:22:16,39.8532,3.1214,79.7,53,16,4.29
312,Tairua,NZ,2022-10-15 16:22:16,-37.0167,175.85,51.91,83,100,6.46
313,Bagdarin,RU,2022-10-15 16:22:16,54.4333,113.6,25.3,67,98,6.96
314,Miranda,CO,2022-10-15 16:22:17,3.2499,-76.2281,75.33,71,47,4.85
315,Fort Nelson,CA,2022-10-15 16:22:17,58.8053,-122.7002,33.39,70,100,3.44
316,Lodja,CD,2022-10-15 16:22:17,-3.4833,23.4333,75.11,82,100,6.22
317,Hamilton,US,2022-10-15 16:22:18,39.1834,-84.5333,59.22,43,0,13.8
318,Mount Isa,AU,2022-10-15 16:23:18,-20.7333,139.5,78.57,47,6,8.05
319,Camacha,PT,2022-10-15 16:23:18,33.0833,-16.3333,71.02,68,20,10.36
320,North Bend,US,2022-10-15 16:22:38,43.4065,-124.2243,60.85,100,40,4.61
321,Zambezi,ZM,2022-10-15 16:23:19,-13.5432,23.1047,89.92,9,18,4.92
322,Manokwari,ID,2022-10-15 16:23:19,-0.8667,134.0833,79.45,79,100,2.13
323,Giyani,ZA,2022-10-15 16:23:19,-23.3025,30.7187,87.3,28,0,11.36
324,Polonnaruwa,LK,2022-10-15 16:23:20,7.9333,81.0,78.62,83,99,2.17
325,Constantine,DZ,2022-10-15 16:23:20,36.365,6.6147,80.01,27,0,5.75
326,Seoul,KR,2022-10-15 16:23:21,37.5683,126.9778,60.4,83,75,2.3
327,Algiers,DZ,2022-10-15 16:22:49,36.7525,3.042,82.22,30,0,3.44
328,Urumqi,CN,2022-10-15 16:23:21,43.801,87.6005,50.95,30,0,4.47
329,Slavyanka,RU,2022-10-15 16:23:21,42.8633,131.3847,55.27,76,67,5.82
330,Ruiru,KE,2022-10-15 16:23:22,-1.1606,36.9567,76.78,43,75,18.41
331,Eureka,US,2022-10-15 16:23:22,40.8021,-124.1637,52.41,65,3,0.49
332,Guanica,PR,2022-10-15 16:23:22,17.9716,-66.908,90.5,71,82,11.45
333,Port Hedland,AU,2022-10-15 16:23:23,-20.3167,118.5667,69.85,64,5,8.05
334,Kieta,PG,2022-10-15 16:23:23,-6.2167,155.6333,79.23,83,99,3.67
335,Tiznit,MA,2022-10-15 16:23:23,29.5833,-9.5,82.17,26,81,8.03
336,Warrnambool,AU,2022-10-15 16:23:24,-38.3833,142.4833,47.93,87,42,7.0
337,Soyo,AO,2022-10-15 16:23:24,-6.1349,12.3689,78.87,76,72,10.92
338,Sungairaya,ID,2022-10-15 16:23:24,0.7,108.9,79.81,82,84,4.29
339,Anadyr,RU,2022-10-15 16:23:24,64.75,177.4833,23.5,100,40,6.71
340,Kasongo-Lunda,CD,2022-10-15 16:23:25,-6.4667,16.8167,82.0,64,99,2.82
341,Santa Marta,CO,2022-10-15 16:18:51,11.2408,-74.199,82.6,79,72,3.85
342,Kargopol,RU,2022-10-15 16:23:25,61.5071,38.9456,44.94,90,99,5.91
343,Avenal,US,2022-10-15 16:22:21,36.0041,-120.129,62.96,51,0,1.3
344,Takaka,NZ,2022-10-15 16:23:26,-40.85,172.8,45.55,88,0,3.53
345,Vila Velha,BR,2022-10-15 16:23:26,-20.3297,-40.2925,80.55,76,40,11.5
346,Antalaha,MG,2022-10-15 16:23:26,-14.9003,50.2788,69.76,84,26,8.39
347,Cabra,ES,2022-10-15 16:23:27,37.4725,-4.4421,82.06,25,0,14.32
348,Luderitz,NA,2022-10-15 16:23:27,-26.6481,15.1594,77.54,26,100,23.49
349,Svetlaya,RU,2022-10-15 16:23:27,46.5389,138.3297,49.6,82,0,3.47
350,Kuching,MY,2022-10-15 16:23:28,1.55,110.3333,75.42,100,40,2.3
351,Porto Velho,BR,2022-10-15 16:23:28,-8.7619,-63.9039,87.85,58,0,6.91
352,Bayan,CN,2022-10-15 16:23:28,46.0833,127.4,45.28,41,87,7.81
353,Mincivan,AZ,2022-10-15 16:23:29,39.0294,46.7185,66.67,75,100,3.29
354,Sambava,MG,2022-10-15 16:23:29,-14.2667,50.1667,71.19,84,46,10.98
355,Talnakh,RU,2022-10-15 16:23:30,69.4865,88.3972,33.21,99,100,8.19
356,Camapua,BR,2022-10-15 16:23:30,-19.5314,-54.0439,90.97,34,100,8.08
357,Kichera,RU,2022-10-15 16:23:30,55.9375,110.0997,25.12,78,4,6.13
358,Champerico,GT,2022-10-15 16:23:31,14.3,-91.9167,84.74,80,98,1.74
359,Vychegodskiy,RU,2022-10-15 16:24:31,61.247,46.8984,40.98,96,100,4.34
360,Langsa,ID,2022-10-15 16:24:31,4.4683,97.9683,75.09,94,87,3.24
361,Kungurtug,RU,2022-10-15 16:22:07,50.5994,97.5228,23.13,51,0,1.25
362,Sarangani,PH,2022-10-15 16:24:32,5.4033,125.4636,84.47,76,85,13.44
363,Nassau,US,2022-10-15 16:24:32,40.7507,-73.5829,69.15,59,0,10.36
364,Walvis Bay,NA,2022-10-15 16:24:32,-22.9575,14.5053,62.1,82,48,9.01
365,Methoni,GR,2022-10-15 16:24:33,36.8197,21.7049,71.46,58,7,14.67
366,South Elgin,US,2022-10-15 16:24:33,41.9942,-88.2923,47.86,70,0,11.5
367,Caravelas,BR,2022-10-15 16:24:33,-17.7125,-39.2481,82.22,53,81,9.15
368,Pinega,RU,2022-10-15 16:24:34,64.7001,43.3936,43.84,97,100,4.61
369,Klyuchi,RU,2022-10-15 16:24:34,52.2667,79.1667,48.76,38,49,2.86
370,Raga,SS,2022-10-15 16:24:34,8.4596,25.678,74.1,87,100,4.76
371,Mirnyy,RU,2022-10-15 16:24:35,62.5353,113.9611,28.24,86,98,8.99
372,Los Llanos De Aridane,ES,2022-10-15 16:24:35,28.6585,-17.9182,71.35,74,75,11.5
373,Tateyama,JP,2022-10-15 16:24:35,34.9833,139.8667,69.1,83,6,9.95
374,Lavrentiya,RU,2022-10-15 16:24:36,65.5833,-171.0,27.21,85,27,13.65
375,Nanpiao,CN,2022-10-15 16:24:36,41.0982,120.7479,56.1,36,82,17.49
376,Roblin,CA,2022-10-15 16:24:36,51.23,-101.3565,40.69,80,80,17.43
377,Touros,BR,2022-10-15 16:24:36,-5.1989,-35.4608,85.28,60,86,19.15
378,Westport,US,2022-10-15 16:22:09,41.1415,-73.3579,69.26,61,9,1.99
379,Skowhegan,US,2022-10-15 16:24:37,44.7651,-69.7192,65.52,80,81,4.74
380,Balykshi,KZ,2022-10-15 16:24:37,47.0667,51.8667,51.8,71,40,2.24
381,Kirkuk,IQ,2022-10-15 16:24:38,35.4681,44.3922,85.62,13,100,5.17
382,Tres Arroyos,AR,2022-10-15 16:24:38,-38.3739,-60.2798,68.25,20,68,7.72
383,Pozo Colorado,PY,2022-10-15 16:24:38,-23.4923,-58.7972,81.63,64,76,5.14
384,Tautira,PF,2022-10-15 16:24:39,-17.7333,-149.15,76.03,85,29,13.58
385,Wanning,CN,2022-10-15 16:24:39,18.8003,110.3967,73.76,83,54,8.34
386,Lensk,RU,2022-10-15 16:24:39,60.7253,114.9278,30.36,78,99,7.58
387,Vostok,RU,2022-10-15 16:24:39,46.4856,135.8833,41.86,92,2,4.92
388,Gamba,GA,2022-10-15 16:24:40,-2.65,10.0,77.85,78,100,6.89
389,Smyrna,US,2022-10-15 16:24:40,33.884,-84.5144,75.9,45,0,8.05
390,Srednekolymsk,RU,2022-10-15 16:24:40,67.45,153.6833,11.21,96,96,6.69
391,Imbituba,BR,2022-10-15 16:24:41,-28.24,-48.6703,64.8,91,100,9.66
392,Vila Franca Do Campo,PT,2022-10-15 16:22:41,37.7167,-25.4333,72.01,59,79,7.78
393,Meadow Lake,US,2022-10-15 16:24:41,34.8014,-106.5436,69.21,42,95,4.0
394,Kyshtovka,RU,2022-10-15 16:22:07,56.555,76.6271,41.79,63,100,5.66
395,Banyo,CM,2022-10-15 16:24:41,6.75,11.8167,71.64,81,89,3.98
396,Naze,JP,2022-10-15 16:24:42,28.3667,129.4833,77.92,87,75,11.63
397,Silvino Lobos,PH,2022-10-15 16:24:42,12.3,124.8333,78.33,91,53,5.82
398,Umm Kaddadah,SD,2022-10-15 16:24:42,13.6017,26.6876,92.66,17,19,9.89
399,Emerald,AU,2022-10-15 16:24:43,-23.5333,148.1667,73.35,62,62,7.36
400,Kulhudhuffushi,MV,2022-10-15 16:24:38,6.6221,73.07,81.61,77,83,14.36
401,Unguia,CO,2022-10-15 16:24:43,8.0434,-77.0945,86.02,65,42,3.27
402,Qaanaaq,GL,2022-10-15 16:24:43,77.484,-69.3632,29.71,68,100,24.83
403,Ninghai,CN,2022-10-15 16:24:44,29.2892,121.4247,66.07,88,100,5.73
404,Yingcheng,CN,2022-10-15 16:24:44,30.95,113.55,64.44,56,5,7.63
405,Laguna,US,2022-10-15 16:25:44,38.421,-121.4238,66.97,85,0,4.61
406,Bridgewater,CA,2022-10-15 16:25:45,44.3835,-64.5155,64.11,95,100,19.57
407,Santa Cecilia,BR,2022-10-15 16:25:45,-26.9608,-50.4269,53.85,97,100,4.21
408,Mega,ET,2022-10-15 16:25:45,4.05,38.3,62.42,70,59,9.71
409,Natal,BR,2022-10-15 16:25:46,-5.795,-35.2094,86.65,58,40,19.57
410,Esperance,AU,2022-10-15 16:25:46,-33.8667,121.9,55.24,87,41,11.03
411,Moba,CN,2022-10-15 16:25:47,33.2288,105.0179,50.58,52,100,4.7
412,Vanavara,RU,2022-10-15 16:25:47,60.34,102.2797,27.25,85,88,4.81
413,Flin Flon,CA,2022-10-15 16:25:47,54.7682,-101.865,37.24,60,100,18.41
414,Ratnagiri,IN,2022-10-15 16:25:47,16.9833,73.3,80.04,84,56,4.83
415,Buala,SB,2022-10-15 16:25:48,-8.145,159.5921,79.16,74,93,2.98
416,Bermejo,AR,2022-10-15 16:25:48,-32.8833,-68.8,66.11,18,0,6.91
417,Galle,LK,2022-10-15 16:25:49,6.0367,80.217,77.59,89,87,4.81
418,Smolenka,RU,2022-10-15 16:25:49,52.1352,113.4974,33.87,40,40,15.66
419,Tottori,JP,2022-10-15 16:25:49,35.5,134.2333,60.28,88,4,4.76
420,Saint-Augustin,CA,2022-10-15 16:25:50,51.226,-58.6502,57.45,61,100,4.74
421,Bonavista,CA,2022-10-15 16:25:50,48.6499,-53.1147,54.57,72,100,1.05
422,Vilhena,BR,2022-10-15 16:25:50,-12.7406,-60.1458,82.62,65,0,8.05
423,Tuktoyaktuk,CA,2022-10-15 16:25:51,69.4541,-133.0374,26.6,80,75,13.8
424,Bud,US,2022-10-15 16:25:51,39.447,-86.1758,55.45,47,46,10.76
425,Abu Samrah,SY,2022-10-15 16:25:51,35.3029,37.1841,75.51,43,36,7.07
426,San Antonio,US,2022-10-15 16:23:06,29.4241,-98.4936,85.19,70,20,12.66
427,Chokwe,MZ,2022-10-15 16:25:52,-24.5333,32.9833,76.96,66,12,13.62
428,Asau,RO,2022-10-15 16:25:52,46.4333,26.4,49.28,70,58,2.8
429,Verkhnyaya Toyma,RU,2022-10-15 16:25:52,62.2349,44.9985,44.1,96,100,3.67
430,Kimbe,PG,2022-10-15 16:25:53,-5.5502,150.1429,76.84,91,99,2.89
431,Rancho Palos Verdes,US,2022-10-15 16:25:53,33.7445,-118.387,66.92,95,100,4.0
432,Ajdabiya,LY,2022-10-15 16:25:53,30.7554,20.2263,74.03,58,0,17.25
433,Kastamonu,TR,2022-10-15 16:25:53,41.5,33.6667,56.5,53,100,2.89
434,Gwanda,ZW,2022-10-15 16:25:54,-20.9333,29.0,84.36,25,25,12.53
435,Curuca,BR,2022-10-15 16:25:54,-0.7289,-47.8481,86.02,59,99,6.53
436,Fergus Falls,US,2022-10-15 16:24:49,46.283,-96.0776,43.86,69,40,13.8
437,Basco,PH,2022-10-15 16:25:54,20.4487,121.9702,81.07,89,100,38.88
438,Aitape,PG,2022-10-15 16:25:55,-3.1374,142.3475,78.53,86,83,4.5
439,Daur,PK,2022-10-15 16:25:55,26.4583,68.3192,85.21,17,0,3.87
440,Sao Jose Da Coroa Grande,BR,2022-10-15 16:25:56,-8.8978,-35.1478,78.94,76,26,15.39
441,Batemans Bay,AU,2022-10-15 16:25:56,-35.7167,150.1833,59.09,94,96,5.14
442,Souillac,MU,2022-10-15 16:25:56,-20.5167,57.5167,71.98,68,40,6.91
443,Fairview,US,2022-10-15 16:25:57,40.8126,-73.999,69.66,47,0,9.22
444,Feni,BD,2022-10-15 16:25:57,23.0186,91.41,75.47,81,4,5.88
445,Dali,CN,2022-10-15 16:25:58,25.7,100.1833,60.06,93,87,3.56
446,Sajanan,TN,2022-10-15 16:25:58,37.0573,9.2426,72.52,54,0,6.93
447,Bairiki,KI,2022-10-15 16:25:58,1.3292,172.9752,80.6,83,40,10.36
448,Bogorodskoye,RU,2022-10-15 16:25:59,56.55,37.8833,41.31,84,36,5.75
449,Wuwei,CN,2022-10-15 16:25:59,37.9281,102.6414,49.08,43,83,4.16
450,Valparaiso,CL,2022-10-15 16:25:01,-33.0393,-71.6273,58.64,97,100,17.27
451,Bakel,SN,2022-10-15 16:26:00,14.905,-12.4568,98.89,25,74,3.36
452,Mwinilunga,ZM,2022-10-15 16:26:00,-11.7358,24.4293,82.02,14,23,4.7
453,Paamiut,GL,2022-10-15 16:27:00,61.994,-49.6678,36.5,72,0,22.5
454,Ndele,CF,2022-10-15 16:27:01,8.4109,20.6473,80.1,74,89,3.0
455,Verkhnyaya Sinyachikha,RU,2022-10-15 16:27:01,57.976,61.6673,44.67,81,100,5.39
456,Paraiso,CR,2022-10-15 16:27:01,9.8383,-83.8656,74.26,75,42,2.26
457,Kruisfontein,ZA,2022-10-15 16:27:02,-34.0033,24.7314,61.88,87,100,15.9
458,Berlevag,NO,2022-10-15 16:27:02,70.8578,29.0864,37.4,86,20,4.61
459,Alofi,NU,2022-10-15 16:27:02,-19.0595,-169.9187,73.29,94,8,1.14
460,Aleksandrov Gay,RU,2022-10-15 16:27:02,50.147,48.5704,45.79,56,8,7.34
461,Teknaf,BD,2022-10-15 16:27:03,20.8624,92.3058,80.38,85,13,7.27
462,Yeppoon,AU,2022-10-15 16:27:03,-23.1333,150.7333,69.58,87,1,5.86
463,Petropavlovsk-Kamchatskiy,RU,2022-10-15 16:25:11,53.0452,158.6483,30.79,86,0,4.47
464,Christchurch,NZ,2022-10-15 16:27:04,-43.5333,172.6333,49.95,87,75,5.75
465,Calamar,CO,2022-10-15 16:27:04,10.2511,-74.9146,86.58,64,71,4.68
466,Den Helder,NL,2022-10-15 16:23:51,52.9599,4.7593,60.78,79,100,17.27
467,Mandalgovi,MN,2022-10-15 16:27:04,45.7625,106.2708,28.92,44,93,1.41
468,Inuvik,CA,2022-10-15 16:27:05,68.3499,-133.7218,16.66,92,20,4.61
469,Middelburg,ZA,2022-10-15 16:27:05,-25.7751,29.4648,67.73,53,62,22.17
470,Kirakira,SB,2022-10-15 16:27:05,-10.4544,161.9205,79.54,83,38,4.03
471,Cairns,AU,2022-10-15 16:25:18,-16.9167,145.7667,75.15,85,75,6.91
472,Altea,ES,2022-10-15 16:27:06,38.5989,-0.0514,79.48,56,43,9.01
473,Necochea,AR,2022-10-15 16:27:06,-38.5473,-58.7368,63.99,32,42,5.73
474,Kasane,BW,2022-10-15 16:25:23,-17.8167,25.15,91.49,12,0,8.05
475,Solnechnyy,RU,2022-10-15 16:27:07,50.7214,136.6319,43.9,94,100,4.76
476,Poronaysk,RU,2022-10-15 16:27:07,49.2167,143.1167,43.03,86,8,1.07
477,Antiguo Morelos,MX,2022-10-15 16:27:08,22.5495,-99.0812,80.11,74,75,1.79
478,Arrah,IN,2022-10-15 16:27:08,25.5667,84.6667,80.49,67,0,4.79
479,Tlacote El Bajo,MX,2022-10-15 16:27:09,20.65,-100.5,67.84,53,38,4.25
480,Kupang,ID,2022-10-15 16:27:09,-10.1667,123.5833,81.0,78,44,11.14
481,Gweta,BW,2022-10-15 16:27:09,-20.1833,25.2333,92.82,11,100,8.19
482,Emmett,US,2022-10-15 16:27:10,43.8735,-116.4993,60.37,23,7,1.99
483,Richards Bay,ZA,2022-10-15 16:27:10,-28.783,32.0377,69.33,71,100,8.34
484,Naranjal,EC,2022-10-15 16:27:10,-2.6667,-79.6167,81.7,66,99,3.47
485,Isangel,VU,2022-10-15 16:27:11,-19.55,169.2667,69.71,69,10,5.79
486,Portland,US,2022-10-15 16:23:57,45.5234,-122.6762,69.78,65,20,4.61
487,Boa Vista,BR,2022-10-15 16:27:11,2.8197,-60.6733,85.98,62,75,9.22
488,Novikovo,RU,2022-10-15 16:27:12,51.1537,37.8879,43.25,64,14,2.42
489,Palora,EC,2022-10-15 16:27:12,-1.7,-77.9333,73.51,97,100,0.36
490,Lhokseumawe,ID,2022-10-15 16:27:12,5.1801,97.1507,78.66,86,83,4.83
491,Dehloran,IR,2022-10-15 16:24:10,32.6941,47.2679,85.87,18,4,3.65
492,Krasnoborsk,RU,2022-10-15 16:27:13,61.5598,45.934,43.86,95,100,5.06
493,Poum,NC,2022-10-15 16:27:13,-20.2333,164.0167,73.65,72,28,9.73
494,Arkadelphia,US,2022-10-15 16:27:13,34.1209,-93.0538,81.57,58,0,8.05
495,Guantanamo,CU,2022-10-15 16:27:14,20.1444,-75.2092,89.17,55,74,5.53
496,Oriximina,BR,2022-10-15 16:27:14,-1.7656,-55.8661,95.43,42,98,5.14
497,Puerto Penasco,MX,2022-10-15 16:27:14,31.3167,-113.5333,76.91,70,0,14.0
498,Whitehorse,CA,2022-10-15 16:26:54,60.7161,-135.0538,29.17,86,100,0.0
499,Puerto Escondido,MX,2022-10-15 16:27:15,15.85,-97.0667,86.83,62,40,8.05
500,Guhagar,IN,2022-10-15 16:27:15,17.4842,73.1929,79.14,85,50,3.58
501,Avera,US,2022-10-15 16:28:15,33.194,-82.5271,75.54,36,0,5.01
502,Redwater,US,2022-10-15 16:28:16,33.3582,-94.2544,80.89,74,20,8.57
503,Vallenar,CL,2022-10-15 16:28:16,-28.5708,-70.7581,73.63,40,0,6.8
504,Shache,CN,2022-10-15 16:28:16,38.4167,77.2406,59.99,17,17,5.82
505,Plettenberg Bay,ZA,2022-10-15 16:28:17,-34.0527,23.3716,62.11,84,100,17.25
506,Hami,CN,2022-10-15 16:28:17,42.8,93.45,54.81,28,0,3.49
507,Minna,NG,2022-10-15 16:28:18,9.6139,6.5569,83.91,74,20,5.75
508,Buin,CL,2022-10-15 16:28:18,-33.7333,-70.75,81.12,24,0,5.75
509,Baracoa,CU,2022-10-15 16:28:18,20.3467,-74.4958,87.33,61,37,4.63
510,Gat,IL,2022-10-15 16:25:09,31.61,34.7642,77.4,100,8,8.23
511,Sinnamary,GF,2022-10-15 16:28:19,5.3833,-52.95,86.63,65,16,11.43
512,Henties Bay,NA,2022-10-15 16:28:19,-22.116,14.2845,59.97,84,31,4.97
513,Stornoway,GB,2022-10-15 16:28:19,58.2093,-6.3865,49.96,69,10,8.05
514,Mahon,ES,2022-10-15 16:28:20,39.8885,4.2658,73.96,78,0,9.22
515,Waipawa,NZ,2022-10-15 16:28:20,-41.4122,175.5153,41.31,91,100,4.23
516,Varkkallai,IN,2022-10-15 16:28:20,8.7341,76.7067,80.38,88,53,5.32
517,Andilamena,MG,2022-10-15 16:28:21,-17.0167,48.5833,57.72,89,26,8.99
518,Turka,UA,2022-10-15 16:28:21,49.1541,23.0297,49.8,88,7,5.61
519,Punta Umbria,ES,2022-10-15 16:28:21,37.1821,-6.9661,76.23,48,0,7.38
520,Grand-Santi,GF,2022-10-15 16:28:22,4.25,-54.3833,93.49,39,25,5.17
521,Nueva Gerona,CU,2022-10-15 16:28:22,21.8833,-82.8,84.65,68,38,8.93
522,Santa Maria,BR,2022-10-15 16:27:49,-29.6842,-53.8069,72.7,56,40,16.11
523,Zhuhai,CN,2022-10-15 16:28:22,22.2769,113.5678,82.18,50,0,12.66
524,Ngunguru,NZ,2022-10-15 16:28:23,-35.6167,174.5,50.16,87,17,8.99
525,La Ronge,CA,2022-10-15 16:28:23,55.1001,-105.2842,35.85,51,100,17.27
526,Portree,GB,2022-10-15 16:28:23,57.4129,-6.1942,46.53,86,66,6.67
527,Dongsheng,CN,2022-10-15 16:28:24,39.8161,109.9776,43.27,37,41,8.99
528,Simao Dias,BR,2022-10-15 16:28:24,-10.7383,-37.8111,83.39,52,68,16.2
529,Miri,MY,2022-10-15 16:28:24,4.4148,114.0089,78.94,89,20,3.44
530,Pangnirtung,CA,2022-10-15 16:28:25,66.1451,-65.7125,48.2,40,100,0.0
531,Ruwi,OM,2022-10-15 16:28:25,23.5996,58.5507,82.09,43,10,2.75
532,Ca Mau,VN,2022-10-15 16:27:29,9.1769,105.15,75.22,87,55,5.41
533,Shaunavon,CA,2022-10-15 16:28:25,49.6501,-108.4181,40.78,68,78,18.41
534,Pontes E Lacerda,BR,2022-10-15 16:28:26,-15.2261,-59.3353,88.72,50,99,4.72
535,Svetlyy,RU,2022-10-15 16:28:26,54.675,20.1347,55.45,85,100,8.72
536,San-Pedro,CI,2022-10-15 16:28:26,4.7485,-6.6363,80.38,73,65,9.71
537,Malinovoye Ozero,RU,2022-10-15 16:28:27,51.6753,79.7825,49.86,35,29,3.42
538,Suez,EG,2022-10-15 16:28:13,29.9737,32.5263,78.31,39,3,2.86
539,Turukhansk,RU,2022-10-15 16:28:27,65.8167,87.9833,31.8,78,100,12.37
540,El Fuerte,MX,2022-10-15 16:28:27,26.4189,-108.6194,81.64,68,86,8.57
541,Baena,ES,2022-10-15 16:28:28,37.6167,-4.3225,85.73,24,0,14.76
542,Belance,PH,2022-10-15 16:28:28,16.1833,121.25,68.56,98,100,3.67
543,Wajir,KE,2022-10-15 16:28:28,1.7471,40.0573,85.3,44,100,8.77
544,Yauya,PE,2022-10-15 16:28:29,-8.9833,-77.3,57.02,55,96,5.66
545,Corn Island,NI,2022-10-15 16:28:29,12.1694,-83.0418,82.29,77,44,10.74
546,Birao,CF,2022-10-15 16:28:29,10.2849,22.7882,82.78,41,60,1.43
547,Cooma,AU,2022-10-15 16:29:29,-36.2333,149.1333,47.97,100,100,6.91
548,Tromso,NO,2022-10-15 16:29:30,69.6496,18.957,41.02,70,0,3.44
549,Igarka,RU,2022-10-15 16:29:30,67.4667,86.5833,33.55,82,100,14.45
550,Rocha,UY,2022-10-15 16:29:30,-34.4833,-54.3333,62.37,56,100,12.8
551,Staroaleyskoye,RU,2022-10-15 16:29:31,51.0061,82.0,49.84,32,90,3.51
552,Divnogorsk,RU,2022-10-15 16:29:31,55.9594,92.3619,25.29,88,20,2.62
553,Husavik,IS,2022-10-15 16:29:31,66.0449,-17.3389,38.03,98,100,27.89
554,Namatanai,PG,2022-10-15 16:29:32,-3.6667,152.4333,79.39,82,58,7.65
555,Acajutla,SV,2022-10-15 16:29:32,13.5928,-89.8275,83.77,70,35,3.89
556,Gillette,US,2022-10-15 16:29:32,44.2911,-105.5022,48.11,83,100,18.41
557,Santa Maria Del Oro,MX,2022-10-15 16:29:33,25.9333,-105.3667,72.46,47,14,4.32
558,Mugango,TZ,2022-10-15 16:29:33,-1.6833,33.7,75.42,59,95,6.13
559,Rennes,FR,2022-10-15 16:28:16,48.1667,-1.6667,62.64,67,0,12.66
560,Dassel,DE,2022-10-15 16:29:33,51.8032,9.6884,63.79,81,92,11.01
561,Nampula,MZ,2022-10-15 16:29:34,-15.1165,39.2666,82.35,42,0,13.8
